transcript_id,transcript_position,read_index,probability_modified
NC_000008.11:127794524-128101256,2375,94.0,0.0000237891690631
NC_000008.11:127794524-128101256,2375,92.0,0.0011265792418271
NC_000008.11:127794524-128101256,2375,63.0,0.0000015986007611
NC_000008.11:127794524-128101256,2375,77.0,0.0000023136394702
NC_000008.11:127794524-128101256,2375,51.0,0.0012087494833395
NC_000008.11:127794524-128101256,2375,76.0,0.0000000080115337
NC_000008.11:127794524-128101256,2375,65.0,0.0000014799525161
NC_000008.11:127794524-128101256,2375,95.0,0.0110214315354824
NC_000008.11:127794524-128101256,2375,91.0,0.0003162092179991
NC_000008.11:127794524-128101256,2375,75.0,0.0040407036431134
NC_000008.11:127794524-128101256,2375,87.0,0.0003988755051978
NC_000008.11:127794524-128101256,2375,93.0,0.0031363607849926
NC_000008.11:127794524-128101256,2375,120.0,0.0050393184646964
NC_000008.11:127794524-128101256,2375,135.0,0.0094204489141703
NC_000008.11:127794524-128101256,2375,173.0,0.0001851900742622
NC_000008.11:127794524-128101256,2375,174.0,0.0000000281565260
NC_000008.11:127794524-128101256,2375,165.0,0.0001462232612539
NC_000008.11:127794524-128101256,2375,161.0,0.0008484727586620
NC_000008.11:127794524-128101256,2375,166.0,0.1589163690805435
NC_000008.11:127794524-128101256,2375,151.0,0.0000003703496532
NC_000008.11:127794524-128101256,2375,122.0,0.0000238099364651
NC_000008.11:127794524-128101256,2375,153.0,0.0007282495498657
NC_000008.11:127794524-128101256,2375,160.0,0.0000000361178571
NC_000008.11:127794524-128101256,2375,134.0,0.0000027412870622
NC_000008.11:127794524-128101256,2375,127.0,0.0000000531625091
NC_000008.11:127794524-128101256,2375,133.0,0.0042948811315000
NC_000008.11:127794524-128101256,2375,123.0,0.0000585003108426
NC_000008.11:127794524-128101256,2375,62.0,0.0000417920855398
NC_000008.11:127794524-128101256,2375,148.0,0.0000324821521644
NC_000008.11:127794524-128101256,2375,25.0,0.0001485753018642
NC_000008.11:127794524-128101256,2375,150.0,0.0027051623910666
NC_000008.11:127794524-128101256,2375,5.0,0.0005974663072266
NC_000008.11:127794524-128101256,2375,49.0,0.0011898919474334
NC_000008.11:127794524-128101256,2375,24.0,0.0001017280592350
NC_000008.11:127794524-128101256,2375,35.0,0.0000012225370938
NC_000008.11:127794524-128101256,2375,7.0,0.2055340558290482
NC_000008.11:127794524-128101256,2375,36.0,0.0023418797645718
NC_000008.11:127794524-128101256,2375,9.0,0.0000001216052681
NC_000008.11:127794524-128101256,2375,8.0,0.0028143238741904
NC_000008.11:127794524-128101256,2375,20.0,0.0001310197985731
NC_000008.11:127794524-128101256,2375,4.0,0.0004580940585583
NC_000008.11:127794524-128101256,2375,13.0,0.0000020463808141
NC_000008.11:127794524-128101256,2375,16.0,0.0000871784286574
NC_000008.11:127794524-128101256,2375,26.0,0.0000011297167930
NC_000008.11:127794524-128101256,2375,19.0,0.0011813523015007
NC_000008.11:127794524-128101256,2576,191.0,0.0004187920712866
NC_000008.11:127794524-128101256,2576,121.0,0.0037307031452656
NC_000008.11:127794524-128101256,2576,119.0,0.0018749760929495
NC_000008.11:127794524-128101256,2576,24.0,0.0067508476786315
NC_000008.11:127794524-128101256,2576,5.0,0.1287758052349091
NC_000008.11:127794524-128101256,2576,160.0,0.0003569064720068
NC_000008.11:127794524-128101256,2576,149.0,0.0116560375317931
NC_000008.11:127794524-128101256,2576,212.0,0.0000000478605280
NC_000008.11:127794524-128101256,2576,213.0,0.1614697575569153
NC_000008.11:127794524-128101256,2576,148.0,0.0000888484719326
NC_000008.11:127794524-128101256,2576,7.0,0.0000000918918062
NC_000008.11:127794524-128101256,2576,152.0,0.0002667234221008
NC_000008.11:127794524-128101256,2576,204.0,0.0000014812317204
NC_000008.11:127794524-128101256,2576,151.0,0.0470567680895329
NC_000008.11:127794524-128101256,2576,166.0,0.0014521870762110
NC_000008.11:127794524-128101256,2576,150.0,0.0000001100025386
NC_000008.11:127794524-128101256,2576,20.0,0.0000031025506360
NC_000008.11:127794524-128101256,2576,161.0,0.0000558425163035
NC_000008.11:127794524-128101256,2576,220.0,0.0019083913648501
NC_000008.11:127794524-128101256,2576,207.0,0.0033299380447716
NC_000008.11:127794524-128101256,2576,174.0,0.0000831452489365
NC_000008.11:127794524-128101256,2576,176.0,0.0776976346969604
NC_000008.11:127794524-128101256,2576,185.0,0.0013604750856757
NC_000008.11:127794524-128101256,2576,205.0,0.0732877850532532
NC_000008.11:127794524-128101256,2576,175.0,0.0042857895605266
NC_000008.11:127794524-128101256,2576,192.0,0.0031275516375899
NC_000008.11:127794524-128101256,2576,173.0,0.0002606124617159
NC_000008.11:127794524-128101256,2576,178.0,0.0005124925519340
NC_000008.11:127794524-128101256,2576,134.0,0.0065627628937364
NC_000008.11:127794524-128101256,2576,217.0,0.0000475287015433
NC_000008.11:127794524-128101256,2576,133.0,0.0003341329866089
NC_000008.11:127794524-128101256,2576,63.0,0.0000009268441659
NC_000008.11:127794524-128101256,2576,16.0,0.0124110784381628
NC_000008.11:127794524-128101256,2576,51.0,0.0000262021094386
NC_000008.11:127794524-128101256,2576,4.0,0.4311528801918030
NC_000008.11:127794524-128101256,2576,53.0,0.0002364622778259
NC_000008.11:127794524-128101256,2576,64.0,0.0022414610721171
NC_000008.11:127794524-128101256,2576,86.0,0.0097294216975570
NC_000008.11:127794524-128101256,2576,13.0,0.0000137535416798
NC_000008.11:127794524-128101256,2576,91.0,0.0039464132860303
NC_000008.11:127794524-128101256,2576,75.0,0.0515415072441101
NC_000008.11:127794524-128101256,2576,62.0,0.0000026456646083
NC_000008.11:127794524-128101256,2576,26.0,0.0011059495154768
NC_000008.11:127794524-128101256,2576,25.0,0.0153520954772830
NC_000008.11:127794524-128101256,2576,48.0,0.0000000000124503
NC_000008.11:127794524-128101256,2576,76.0,0.0000000000020404
NC_000008.11:127794524-128101256,2576,90.0,0.0000833524463815
NC_000008.11:127794524-128101256,2576,27.0,0.0001499501813669
NC_000008.11:127794524-128101256,2576,35.0,0.0088212974369526
NC_000008.11:127794524-128101256,2576,123.0,0.0000088888509708
NC_000008.11:127794524-128101256,2576,120.0,0.0012759318342432
NC_000008.11:127794524-128101256,2576,49.0,0.0136002544313669
NC_000008.11:127794524-128101256,2576,135.0,0.0001637901586946
NC_000008.11:127794524-128101256,2576,108.0,0.0180273279547691
NC_000008.11:127794524-128101256,2576,122.0,0.0000299267740047
NC_000008.11:127794524-128101256,2576,93.0,0.0011776889441535
NC_000008.11:127794524-128101256,2576,92.0,0.4089061021804810
NC_000008.11:127794524-128101256,2576,94.0,0.0004488832491916
NC_000008.11:127794524-128101256,2576,47.0,0.0037984969094396
NC_000008.11:127794524-128101256,2576,8.0,0.0203314982354641
NC_000008.11:127794524-128101256,2576,36.0,0.0021510003134608
NC_000008.11:127794524-128101256,3580,528.0,0.0012079512234777
NC_000008.11:127794524-128101256,3580,538.0,0.0000144196819747
NC_000008.11:127794524-128101256,3580,545.0,0.0006187210674398
NC_000008.11:127794524-128101256,3580,554.0,0.0000006330682822
NC_000008.11:127794524-128101256,3580,551.0,0.0007604046841152
NC_000008.11:127794524-128101256,3580,523.0,0.0053233355283737
NC_000008.11:127794524-128101256,3580,537.0,0.0000860578293214
NC_000008.11:127794524-128101256,3580,521.0,0.0003600697673392
NC_000008.11:127794524-128101256,3580,497.0,0.0020537336822599
NC_000008.11:127794524-128101256,3580,511.0,0.0079940836876631
NC_000008.11:127794524-128101256,3580,541.0,0.0000922592007555
NC_000008.11:127794524-128101256,3580,550.0,0.0005901845288463
NC_000008.11:127794524-128101256,3580,502.0,0.0000683104735799
NC_000008.11:127794524-128101256,3580,496.0,0.0012812250060961
NC_000008.11:127794524-128101256,3580,500.0,0.0024382190313190
NC_000008.11:127794524-128101256,3580,483.0,0.0003875446855091
NC_000008.11:127794524-128101256,3580,539.0,0.0017027719877660
NC_000008.11:127794524-128101256,3580,486.0,0.0017841084627435
NC_000008.11:127794524-128101256,3580,498.0,0.0000514364219271
NC_000008.11:127794524-128101256,3580,501.0,0.0192667450755835
NC_000008.11:127794524-128101256,3580,508.0,0.0000422053744842
NC_000008.11:127794524-128101256,3580,481.0,0.0000002814759341
NC_000008.11:127794524-128101256,3580,489.0,0.0000000174261903
NC_000008.11:127794524-128101256,3580,505.0,0.0000065116400947
NC_000008.11:127794524-128101256,3580,494.0,0.0023708923254162
NC_000008.11:127794524-128101256,3580,495.0,0.0002124230086338
NC_000008.11:127794524-128101256,3580,506.0,0.0003614161687437
NC_000008.11:127794524-128101256,3580,503.0,0.0001706283946987
NC_000008.11:127794524-128101256,3580,510.0,0.0000294134915748
NC_000008.11:127794524-128101256,3580,504.0,0.0464478097856045
NC_000008.11:127794524-128101256,3580,507.0,0.0005227158544585
NC_000008.11:127794524-128101256,3580,530.0,0.0142528563737869
NC_000008.11:127794524-128101256,3580,543.0,0.0000594984521740
NC_000008.11:127794524-128101256,3580,529.0,0.0859722867608070
NC_000008.11:127794524-128101256,3580,488.0,0.0034144758246839
NC_000008.11:127794524-128101256,3580,779.0,0.0080581028014421
NC_000008.11:127794524-128101256,3580,784.0,0.0000008863851235
NC_000008.11:127794524-128101256,3580,778.0,0.0134069882333279
NC_000008.11:127794524-128101256,3580,793.0,0.0009816950187087
NC_000008.11:127794524-128101256,3580,781.0,0.0373321324586868
NC_000008.11:127794524-128101256,3580,788.0,0.0000169407740032
NC_000008.11:127794524-128101256,3580,782.0,0.0001746327179717
NC_000008.11:127794524-128101256,3580,780.0,0.0025448519736528
NC_000008.11:127794524-128101256,3580,546.0,0.0005165240145288
NC_000008.11:127794524-128101256,3580,531.0,0.0000314626413456
NC_000008.11:127794524-128101256,3580,515.0,0.0000009800073713
NC_000008.11:127794524-128101256,3580,536.0,0.0000519392888236
NC_000008.11:127794524-128101256,3580,547.0,0.0000016663561837
NC_000008.11:127794524-128101256,3580,527.0,0.0007292878581211
NC_000008.11:127794524-128101256,3580,556.0,0.0000141149284900
NC_000008.11:127794524-128101256,3580,548.0,0.0011725047370419
NC_000008.11:127794524-128101256,3580,522.0,0.0138121256604791
NC_000008.11:127794524-128101256,3580,544.0,0.0000835920436657
NC_000008.11:127794524-128101256,3580,553.0,0.0104105239734054
NC_000008.11:127794524-128101256,3580,525.0,0.0006674912292510
NC_000008.11:127794524-128101256,3580,518.0,0.0052636256441474
NC_000008.11:127794524-128101256,3580,512.0,0.0042169615626335
NC_000008.11:127794524-128101256,3580,524.0,0.0000348415305780
NC_000008.11:127794524-128101256,3580,535.0,0.0080940360203385
NC_000008.11:127794524-128101256,3580,549.0,0.0000004959896387
NC_000008.11:127794524-128101256,3580,526.0,0.0002105543389916
NC_000008.11:127794524-128101256,3580,555.0,0.0000144186633406
NC_000008.11:127794524-128101256,3580,542.0,0.0008590180659667
NC_000008.11:127794524-128101256,3580,517.0,0.0022290789056569
NC_000008.11:127794524-128101256,3580,520.0,0.0012735903728753
NC_000008.11:127794524-128101256,3580,516.0,0.0046401587314904
NC_000008.11:127794524-128101256,3580,491.0,0.0001782237086445
NC_000008.11:127794524-128101256,3580,417.0,0.0000424445206590
NC_000008.11:127794524-128101256,3580,480.0,0.0000042298670451
NC_000008.11:127794524-128101256,3580,454.0,0.0000683538673911
NC_000008.11:127794524-128101256,3580,458.0,0.0001369369565509
NC_000008.11:127794524-128101256,3580,443.0,0.0176949519664049
NC_000008.11:127794524-128101256,3580,430.0,0.0000049070085879
NC_000008.11:127794524-128101256,3580,442.0,0.0037564127705991
NC_000008.11:127794524-128101256,3580,436.0,0.0001266793988179
NC_000008.11:127794524-128101256,3580,424.0,0.0031360459979624
NC_000008.11:127794524-128101256,3580,440.0,0.0021636507008225
NC_000008.11:127794524-128101256,3580,444.0,0.0005000118981116
NC_000008.11:127794524-128101256,3580,438.0,0.0010461281053722
NC_000008.11:127794524-128101256,3580,435.0,0.0054243518970907
NC_000008.11:127794524-128101256,3580,434.0,0.0003240244404878
NC_000008.11:127794524-128101256,3580,427.0,0.0005137260304764
NC_000008.11:127794524-128101256,3580,426.0,0.0000004157397768
NC_000008.11:127794524-128101256,3580,423.0,0.0008661129977554
NC_000008.11:127794524-128101256,3580,429.0,0.0008532574283890
NC_000008.11:127794524-128101256,3580,422.0,0.0002448200830258
NC_000008.11:127794524-128101256,3580,404.0,0.0005770067800768
NC_000008.11:127794524-128101256,3580,395.0,0.0006976945442148
NC_000008.11:127794524-128101256,3580,408.0,0.0012238002382219
NC_000008.11:127794524-128101256,3580,420.0,0.0007147629512474
NC_000008.11:127794524-128101256,3580,409.0,0.0027323488611728
NC_000008.11:127794524-128101256,3580,392.0,0.0001032752043102
NC_000008.11:127794524-128101256,3580,451.0,0.0564610324800014
NC_000008.11:127794524-128101256,3580,412.0,0.0214939154684544
NC_000008.11:127794524-128101256,3580,789.0,0.0000220077799895
NC_000008.11:127794524-128101256,3580,411.0,0.0000442974960606
NC_000008.11:127794524-128101256,3580,428.0,0.0003726652357727
NC_000008.11:127794524-128101256,3580,418.0,0.0081251356750727
NC_000008.11:127794524-128101256,3580,433.0,0.0109270261600614
NC_000008.11:127794524-128101256,3580,421.0,0.0100461356341839
NC_000008.11:127794524-128101256,3580,425.0,0.0001802294573281
NC_000008.11:127794524-128101256,3580,485.0,0.0104674017056823
NC_000008.11:127794524-128101256,3580,449.0,0.0014509664615616
NC_000008.11:127794524-128101256,3580,439.0,0.0001076215849025
NC_000008.11:127794524-128101256,3580,479.0,0.0034732380881906
NC_000008.11:127794524-128101256,3580,473.0,0.0000006037629419
NC_000008.11:127794524-128101256,3580,499.0,0.0018050384242088
NC_000008.11:127794524-128101256,3580,493.0,0.0002194594126195
NC_000008.11:127794524-128101256,3580,476.0,0.0000258206273429
NC_000008.11:127794524-128101256,3580,478.0,0.0278320722281933
NC_000008.11:127794524-128101256,3580,482.0,0.0005323421792127
NC_000008.11:127794524-128101256,3580,469.0,0.0000121367356769
NC_000008.11:127794524-128101256,3580,471.0,0.0009061715099961
NC_000008.11:127794524-128101256,3580,474.0,0.0013800616143271
NC_000008.11:127794524-128101256,3580,465.0,0.0000270699474640
NC_000008.11:127794524-128101256,3580,466.0,0.0021293982863426
NC_000008.11:127794524-128101256,3580,477.0,0.0038779079914093
NC_000008.11:127794524-128101256,3580,467.0,0.0003052185638808
NC_000008.11:127794524-128101256,3580,464.0,0.0004905173555017
NC_000008.11:127794524-128101256,3580,472.0,0.0000269267166004
NC_000008.11:127794524-128101256,3580,468.0,0.0148731749504805
NC_000008.11:127794524-128101256,3580,447.0,0.0001952477177838
NC_000008.11:127794524-128101256,3580,446.0,0.0004381932085380
NC_000008.11:127794524-128101256,3580,441.0,0.0058076041750610
NC_000008.11:127794524-128101256,3580,461.0,0.0182219278067350
NC_000008.11:127794524-128101256,3580,456.0,0.0005723078502342
NC_000008.11:127794524-128101256,3580,463.0,0.0000751950501581
NC_000008.11:127794524-128101256,3580,455.0,0.0057697002775967
NC_000008.11:127794524-128101256,3580,459.0,0.0053206095471978
NC_000008.11:127794524-128101256,3580,452.0,0.0010716496035457
NC_000008.11:127794524-128101256,3580,448.0,0.0000999696785584
NC_000008.11:127794524-128101256,3580,457.0,0.0000776799788582
NC_000008.11:127794524-128101256,3580,445.0,0.0001622286945349
NC_000008.11:127794524-128101256,3580,460.0,0.0102410977706313
NC_000008.11:127794524-128101256,3580,470.0,0.0001333487889497
NC_000008.11:127794524-128101256,3580,450.0,0.0102640576660633
NC_000008.11:127794524-128101256,3580,802.0,0.0000400957978854
NC_000008.11:127794524-128101256,3580,873.0,0.0019948929548264
NC_000008.11:127794524-128101256,3580,790.0,0.0022929725237191
NC_000008.11:127794524-128101256,3580,952.0,0.0000030179121495
NC_000008.11:127794524-128101256,3580,955.0,0.0000098086311482
NC_000008.11:127794524-128101256,3580,958.0,0.0005154024693184
NC_000008.11:127794524-128101256,3580,960.0,0.0007102485396899
NC_000008.11:127794524-128101256,3580,957.0,0.0001859101321315
NC_000008.11:127794524-128101256,3580,956.0,0.0042774407193065
NC_000008.11:127794524-128101256,3580,951.0,0.0009729174780659
NC_000008.11:127794524-128101256,3580,938.0,0.0000077879421951
NC_000008.11:127794524-128101256,3580,946.0,0.0010761192534119
NC_000008.11:127794524-128101256,3580,939.0,0.0007280417485163
NC_000008.11:127794524-128101256,3580,947.0,0.0000703665718902
NC_000008.11:127794524-128101256,3580,949.0,0.0085004856809974
NC_000008.11:127794524-128101256,3580,944.0,0.0003834991948679
NC_000008.11:127794524-128101256,3580,937.0,0.0000196310411411
NC_000008.11:127794524-128101256,3580,948.0,0.0040549328550696
NC_000008.11:127794524-128101256,3580,926.0,0.0000112629795694
NC_000008.11:127794524-128101256,3580,919.0,0.0005095310625620
NC_000008.11:127794524-128101256,3580,929.0,0.0000396099458158
NC_000008.11:127794524-128101256,3580,936.0,0.0051454780623317
NC_000008.11:127794524-128101256,3580,943.0,0.0001519256475149
NC_000008.11:127794524-128101256,3580,928.0,0.0002176039415644
NC_000008.11:127794524-128101256,3580,927.0,0.0001162941116490
NC_000008.11:127794524-128101256,3580,922.0,0.0001670290075708
NC_000008.11:127794524-128101256,3580,925.0,0.0019769573118538
NC_000008.11:127794524-128101256,3580,924.0,0.0000856499536894
NC_000008.11:127794524-128101256,3580,918.0,0.0000493636252941
NC_000008.11:127794524-128101256,3580,917.0,0.0054566035978496
NC_000008.11:127794524-128101256,3580,920.0,0.0000944316343521
NC_000008.11:127794524-128101256,3580,921.0,0.0010171899339184
NC_000008.11:127794524-128101256,3580,895.0,0.0000019623853404
NC_000008.11:127794524-128101256,3580,941.0,0.0027294568717480
NC_000008.11:127794524-128101256,3580,961.0,0.0062062721699476
NC_000008.11:127794524-128101256,3580,950.0,0.0098404940217733
NC_000008.11:127794524-128101256,3580,945.0,0.0000991601045826
NC_000008.11:127794524-128101256,3580,1008.0,0.0475142337381840
NC_000008.11:127794524-128101256,3580,1004.0,0.0591868348419666
NC_000008.11:127794524-128101256,3580,1010.0,0.0006638279301114
NC_000008.11:127794524-128101256,3580,1002.0,0.0020862214732915
NC_000008.11:127794524-128101256,3580,998.0,0.0020459655206650
NC_000008.11:127794524-128101256,3580,1009.0,0.0119867436587811
NC_000008.11:127794524-128101256,3580,997.0,0.0000381234967790
NC_000008.11:127794524-128101256,3580,993.0,0.0454384163022041
NC_000008.11:127794524-128101256,3580,990.0,0.0000140218589877
NC_000008.11:127794524-128101256,3580,999.0,0.0000004797458928
NC_000008.11:127794524-128101256,3580,995.0,0.0000027870569284
NC_000008.11:127794524-128101256,3580,996.0,0.0070198080502450
NC_000008.11:127794524-128101256,3580,1005.0,0.0000287612620014
NC_000008.11:127794524-128101256,3580,1003.0,0.0000789935074863
NC_000008.11:127794524-128101256,3580,1001.0,0.0001904414675664
NC_000008.11:127794524-128101256,3580,991.0,0.0009012350928970
NC_000008.11:127794524-128101256,3580,979.0,0.0001054432359524
NC_000008.11:127794524-128101256,3580,953.0,0.0012062903260812
NC_000008.11:127794524-128101256,3580,954.0,0.0004936304176226
NC_000008.11:127794524-128101256,3580,968.0,0.0007694451487623
NC_000008.11:127794524-128101256,3580,962.0,0.0039362520910800
NC_000008.11:127794524-128101256,3580,981.0,0.0016774924006313
NC_000008.11:127794524-128101256,3580,987.0,0.0000021934511096
NC_000008.11:127794524-128101256,3580,892.0,0.0001815267605707
NC_000008.11:127794524-128101256,3580,983.0,0.0334205813705921
NC_000008.11:127794524-128101256,3580,989.0,0.0007582624093629
NC_000008.11:127794524-128101256,3580,978.0,0.0047569698654115
NC_000008.11:127794524-128101256,3580,969.0,0.0001689735508990
NC_000008.11:127794524-128101256,3580,992.0,0.0000124893385873
NC_000008.11:127794524-128101256,3580,985.0,0.0004942134837620
NC_000008.11:127794524-128101256,3580,980.0,0.0000003923743748
NC_000008.11:127794524-128101256,3580,970.0,0.0010139235528186
NC_000008.11:127794524-128101256,3580,916.0,0.0160354655236006
NC_000008.11:127794524-128101256,3580,887.0,0.0000270496129815
NC_000008.11:127794524-128101256,3580,883.0,0.0002649335947353
NC_000008.11:127794524-128101256,3580,841.0,0.0000005618755381
NC_000008.11:127794524-128101256,3580,858.0,0.0002320131461602
NC_000008.11:127794524-128101256,3580,844.0,0.0015513788675889
NC_000008.11:127794524-128101256,3580,805.0,0.0004920421051793
NC_000008.11:127794524-128101256,3580,819.0,0.0000345252665284
NC_000008.11:127794524-128101256,3580,818.0,0.0008030341705307
NC_000008.11:127794524-128101256,3580,820.0,0.0068008671514690
NC_000008.11:127794524-128101256,3580,810.0,0.0017939020181075
NC_000008.11:127794524-128101256,3580,816.0,0.0080051412805915
NC_000008.11:127794524-128101256,3580,815.0,0.0148267028853297
NC_000008.11:127794524-128101256,3580,800.0,0.0043375440873206
NC_000008.11:127794524-128101256,3580,814.0,0.0015779930399731
NC_000008.11:127794524-128101256,3580,813.0,0.0038493028841913
NC_000008.11:127794524-128101256,3580,803.0,0.0019633546471596
NC_000008.11:127794524-128101256,3580,817.0,0.0002104905288434
NC_000008.11:127794524-128101256,3580,795.0,0.0000220606707444
NC_000008.11:127794524-128101256,3580,807.0,0.0000179428516276
NC_000008.11:127794524-128101256,3580,787.0,0.0000010220343256
NC_000008.11:127794524-128101256,3580,786.0,0.0043452628888190
NC_000008.11:127794524-128101256,3580,785.0,0.0000001041556530
NC_000008.11:127794524-128101256,3580,777.0,0.0000138685109050
NC_000008.11:127794524-128101256,3580,804.0,0.0092036500573158
NC_000008.11:127794524-128101256,3580,799.0,0.0004021523345727
NC_000008.11:127794524-128101256,3580,842.0,0.0000023734960450
NC_000008.11:127794524-128101256,3580,798.0,0.0006350356852636
NC_000008.11:127794524-128101256,3580,796.0,0.0029430070426315
NC_000008.11:127794524-128101256,3580,801.0,0.0209472719579935
NC_000008.11:127794524-128101256,3580,794.0,0.0000422900229751
NC_000008.11:127794524-128101256,3580,812.0,0.0002047750167549
NC_000008.11:127794524-128101256,3580,797.0,0.0054025910794735
NC_000008.11:127794524-128101256,3580,811.0,0.0090133724734187
NC_000008.11:127794524-128101256,3580,806.0,0.0009015657124110
NC_000008.11:127794524-128101256,3580,792.0,0.0000018161565549
NC_000008.11:127794524-128101256,3580,851.0,0.0038996613584459
NC_000008.11:127794524-128101256,3580,857.0,0.0003618531627581
NC_000008.11:127794524-128101256,3580,889.0,0.0017394445603713
NC_000008.11:127794524-128101256,3580,868.0,0.0002707426028792
NC_000008.11:127794524-128101256,3580,884.0,0.0003920909366570
NC_000008.11:127794524-128101256,3580,415.0,0.0021203141659498
NC_000008.11:127794524-128101256,3580,897.0,0.0000558644642297
NC_000008.11:127794524-128101256,3580,888.0,0.0000029262830594
NC_000008.11:127794524-128101256,3580,891.0,0.0012630352284759
NC_000008.11:127794524-128101256,3580,880.0,0.0083720842376351
NC_000008.11:127794524-128101256,3580,878.0,0.0000607817928540
NC_000008.11:127794524-128101256,3580,874.0,0.0000059918834268
NC_000008.11:127794524-128101256,3580,886.0,0.0001663398579694
NC_000008.11:127794524-128101256,3580,894.0,0.0002484083815943
NC_000008.11:127794524-128101256,3580,879.0,0.0001816079602577
NC_000008.11:127794524-128101256,3580,881.0,0.0000016732418544
NC_000008.11:127794524-128101256,3580,875.0,0.0002921639534179
NC_000008.11:127794524-128101256,3580,872.0,0.0076707801781595
NC_000008.11:127794524-128101256,3580,877.0,0.0007795867277309
NC_000008.11:127794524-128101256,3580,843.0,0.0003930787788704
NC_000008.11:127794524-128101256,3580,845.0,0.0012988236267120
NC_000008.11:127794524-128101256,3580,854.0,0.0000000510982012
NC_000008.11:127794524-128101256,3580,852.0,0.0020056483335793
NC_000008.11:127794524-128101256,3580,850.0,0.0014091186458245
NC_000008.11:127794524-128101256,3580,846.0,0.0025552168954164
NC_000008.11:127794524-128101256,3580,855.0,0.0000000993460318
NC_000008.11:127794524-128101256,3580,856.0,0.0002046057925327
NC_000008.11:127794524-128101256,3580,853.0,0.0016454854048789
NC_000008.11:127794524-128101256,3580,865.0,0.0008528550970368
NC_000008.11:127794524-128101256,3580,859.0,0.0074964296072721
NC_000008.11:127794524-128101256,3580,867.0,0.0000794133738964
NC_000008.11:127794524-128101256,3580,863.0,0.0000091285237431
NC_000008.11:127794524-128101256,3580,870.0,0.0003040254814550
NC_000008.11:127794524-128101256,3580,864.0,0.0000006251410696
NC_000008.11:127794524-128101256,3580,414.0,0.0001616621448193
NC_000008.11:127794524-128101256,3580,490.0,0.0129574453458190
NC_000008.11:127794524-128101256,3580,299.0,0.0001253075170098
NC_000008.11:127794524-128101256,3580,376.0,0.0036146908532828
NC_000008.11:127794524-128101256,3580,396.0,0.0003632032894529
NC_000008.11:127794524-128101256,3580,308.0,0.0099154673516750
NC_000008.11:127794524-128101256,3580,276.0,0.0000798627152108
NC_000008.11:127794524-128101256,3580,298.0,0.0028487714007497
NC_000008.11:127794524-128101256,3580,400.0,0.0025232776533812
NC_000008.11:127794524-128101256,3580,245.0,0.0005429089651443
NC_000008.11:127794524-128101256,3580,242.0,0.0015476746484637
NC_000008.11:127794524-128101256,3580,357.0,0.0001709946955089
NC_000008.11:127794524-128101256,3580,305.0,0.0014470916939899
NC_000008.11:127794524-128101256,3580,391.0,0.0007204575231299
NC_000008.11:127794524-128101256,3580,304.0,0.0374086759984493
NC_000008.11:127794524-128101256,3580,379.0,0.0039776596240699
NC_000008.11:127794524-128101256,3580,372.0,0.0000046544714678
NC_000008.11:127794524-128101256,3580,358.0,0.0124637130647898
NC_000008.11:127794524-128101256,3580,369.0,0.0123199187219143
NC_000008.11:127794524-128101256,3580,401.0,0.0032536773942411
NC_000008.11:127794524-128101256,3580,290.0,0.0194615423679352
NC_000008.11:127794524-128101256,3580,317.0,0.0000000584880269
NC_000008.11:127794524-128101256,3580,294.0,0.0047374479472637
NC_000008.11:127794524-128101256,3580,239.0,0.0000767577730585
NC_000008.11:127794524-128101256,3580,378.0,0.0004902321961708
NC_000008.11:127794524-128101256,3580,314.0,0.0000340275437338
NC_000008.11:127794524-128101256,3580,243.0,0.0008160465513356
NC_000008.11:127794524-128101256,3580,262.0,0.0013082779478282
NC_000008.11:127794524-128101256,3580,393.0,0.0000037995680486
NC_000008.11:127794524-128101256,3580,359.0,0.0016050692647696
NC_000008.11:127794524-128101256,3580,384.0,0.0286161974072456
NC_000008.11:127794524-128101256,3580,398.0,0.0002784272655845
NC_000008.11:127794524-128101256,3580,355.0,0.0005123343435116
NC_000008.11:127794524-128101256,3580,388.0,0.0003233501629438
NC_000008.11:127794524-128101256,3580,382.0,0.0012595502194017
NC_000008.11:127794524-128101256,3580,249.0,0.0004672213981394
NC_000008.11:127794524-128101256,3580,289.0,0.0000234699273278
NC_000008.11:127794524-128101256,3580,363.0,0.0031905232463032
NC_000008.11:127794524-128101256,3580,394.0,0.0000123794025058
NC_000008.11:127794524-128101256,3580,361.0,0.0000071260078585
NC_000008.11:127794524-128101256,3580,373.0,0.0024284915998578
NC_000008.11:127794524-128101256,3580,377.0,0.0000471883140563
NC_000008.11:127794524-128101256,3580,259.0,0.0000029135269415
NC_000008.11:127794524-128101256,3580,389.0,0.0016575370682403
NC_000008.11:127794524-128101256,3580,244.0,0.0124572999775410
NC_000008.11:127794524-128101256,3580,287.0,0.0147678591310978
NC_000008.11:127794524-128101256,3580,367.0,0.0001486943656346
NC_000008.11:127794524-128101256,3580,288.0,0.0000013223137785
NC_000008.11:127794524-128101256,3580,368.0,0.0004357607685961
NC_000008.11:127794524-128101256,3580,352.0,0.0960217639803886
NC_000008.11:127794524-128101256,3580,399.0,0.0437433198094368
NC_000008.11:127794524-128101256,3580,380.0,0.0053412467241287
NC_000008.11:127794524-128101256,3580,260.0,0.0011825097026303
NC_000008.11:127794524-128101256,3580,383.0,0.0013723628362641
NC_000008.11:127794524-128101256,3580,354.0,0.0000430328400398
NC_000008.11:127794524-128101256,3580,360.0,0.0042122425511479
NC_000008.11:127794524-128101256,3580,258.0,0.0026364983059466
NC_000008.11:127794524-128101256,3580,353.0,0.0020306913647801
NC_000008.11:127794524-128101256,3580,241.0,0.0062380512244999
NC_000008.11:127794524-128101256,3580,293.0,0.0020163590088487
NC_000008.11:127794524-128101256,3580,309.0,0.0202249567955732
NC_000008.11:127794524-128101256,3580,390.0,0.0219272244721651
NC_000008.11:127794524-128101256,3580,402.0,0.0003772070340347
NC_000008.11:127794524-128101256,3580,301.0,0.0015734252519906
NC_000008.11:127794524-128101256,3580,316.0,0.0004011134151369
NC_000008.11:127794524-128101256,3580,257.0,0.0001982514950214
NC_000008.11:127794524-128101256,3580,370.0,0.0000002540971877
NC_000008.11:127794524-128101256,3580,364.0,0.0001112494501285
NC_000008.11:127794524-128101256,3580,296.0,0.0001185553192045
NC_000008.11:127794524-128101256,3580,261.0,0.0077494513243437
NC_000008.11:127794524-128101256,3580,371.0,0.0005235535791144
NC_000008.11:127794524-128101256,3580,405.0,0.0021223227959126
NC_000008.11:127794524-128101256,3580,365.0,0.0000207400262298
NC_000008.11:127794524-128101256,3580,313.0,0.0112441638484597
NC_000008.11:127794524-128101256,3580,407.0,0.0036221842747182
NC_000008.11:127794524-128101256,3580,295.0,0.0000150434880197
NC_000008.11:127794524-128101256,3580,246.0,0.0008576030959375
NC_000008.11:127794524-128101256,3580,303.0,0.0004140470409766
NC_000008.11:127794524-128101256,3580,274.0,0.0035396127495915
NC_000008.11:127794524-128101256,3580,385.0,0.0037846593186259
NC_000008.11:127794524-128101256,3580,362.0,0.0004418590106070
NC_000008.11:127794524-128101256,3580,302.0,0.0026308491360396
NC_000008.11:127794524-128101256,3580,387.0,0.0079285707324743
NC_000008.11:127794524-128101256,3580,310.0,0.0004334244295023
NC_000008.11:127794524-128101256,3580,240.0,0.0022407211363316
NC_000008.11:127794524-128101256,3580,306.0,0.0038183915894479
NC_000008.11:127794524-128101256,3580,374.0,0.0001772364048520
NC_000008.11:127794524-128101256,3580,318.0,0.0000125739752548
NC_000008.11:127794524-128101256,3580,413.0,0.0115382988005877
NC_000008.11:127794524-128101256,3580,307.0,0.0000111751178338
NC_000008.11:127794524-128101256,3580,375.0,0.0032010071445256
NC_000008.11:127794524-128101256,3580,247.0,0.0175600945949554
NC_000008.11:127794524-128101256,3603,548.0,0.0000366603708244
NC_000008.11:127794524-128101256,3603,285.0,0.0001375031133648
NC_000008.11:127794524-128101256,3603,551.0,0.0003611497813836
NC_000008.11:127794524-128101256,3603,919.0,0.0005711575504392
NC_000008.11:127794524-128101256,3603,274.0,0.0002933910291176
NC_000008.11:127794524-128101256,3603,520.0,0.0000683652760927
NC_000008.11:127794524-128101256,3603,513.0,0.0000005465734034
NC_000008.11:127794524-128101256,3603,381.0,0.0005455368082039
NC_000008.11:127794524-128101256,3603,896.0,0.0000248689229920
NC_000008.11:127794524-128101256,3603,921.0,0.0010683927685022
NC_000008.11:127794524-128101256,3603,523.0,0.0004483046941459
NC_000008.11:127794524-128101256,3603,543.0,0.0001163022097899
NC_000008.11:127794524-128101256,3603,359.0,0.0000327648558596
NC_000008.11:127794524-128101256,3603,375.0,0.0048877820372581
NC_000008.11:127794524-128101256,3603,547.0,0.0000193751184270
NC_000008.11:127794524-128101256,3603,916.0,0.0008332072757185
NC_000008.11:127794524-128101256,3603,497.0,0.0001840312907007
NC_000008.11:127794524-128101256,3603,556.0,0.0007185575668700
NC_000008.11:127794524-128101256,3603,521.0,0.0006337031954899
NC_000008.11:127794524-128101256,3603,363.0,0.0000849955613376
NC_000008.11:127794524-128101256,3603,895.0,0.0001047445475706
NC_000008.11:127794524-128101256,3603,288.0,0.0000594738885411
NC_000008.11:127794524-128101256,3603,892.0,0.0000230401019508
NC_000008.11:127794524-128101256,3603,926.0,0.0000000401219786
NC_000008.11:127794524-128101256,3603,532.0,0.0037579818163067
NC_000008.11:127794524-128101256,3603,537.0,0.0000682117897668
NC_000008.11:127794524-128101256,3603,517.0,0.0000392787042074
NC_000008.11:127794524-128101256,3603,540.0,0.0000000140989220
NC_000008.11:127794524-128101256,3603,534.0,0.0000002857997856
NC_000008.11:127794524-128101256,3603,941.0,0.0000412496301578
NC_000008.11:127794524-128101256,3603,552.0,0.0246217269450426
NC_000008.11:127794524-128101256,3603,360.0,0.0000002708526097
NC_000008.11:127794524-128101256,3603,927.0,0.0021560899913311
NC_000008.11:127794524-128101256,3603,920.0,0.0000005937882861
NC_000008.11:127794524-128101256,3603,940.0,0.0004140487872064
NC_000008.11:127794524-128101256,3603,518.0,0.0000277765902865
NC_000008.11:127794524-128101256,3603,290.0,0.0001008881736198
NC_000008.11:127794524-128101256,3603,923.0,0.0010651163756847
NC_000008.11:127794524-128101256,3603,525.0,0.0005956587847322
NC_000008.11:127794524-128101256,3603,925.0,0.0000181371851795
NC_000008.11:127794524-128101256,3603,539.0,0.0000000535171694
NC_000008.11:127794524-128101256,3603,943.0,0.0000363232320524
NC_000008.11:127794524-128101256,3603,922.0,0.0001259145501535
NC_000008.11:127794524-128101256,3603,553.0,0.0000024830483198
NC_000008.11:127794524-128101256,3603,362.0,0.0000000000136445
NC_000008.11:127794524-128101256,3603,369.0,0.0000505566058564
NC_000008.11:127794524-128101256,3603,544.0,0.0000003010264322
NC_000008.11:127794524-128101256,3603,530.0,0.0010888017714024
NC_000008.11:127794524-128101256,3603,928.0,0.0049850670620799
NC_000008.11:127794524-128101256,3603,522.0,0.0003724748385139
NC_000008.11:127794524-128101256,3603,378.0,0.0000116543051263
NC_000008.11:127794524-128101256,3603,286.0,0.0000014282887832
NC_000008.11:127794524-128101256,3603,529.0,0.0079729361459613
NC_000008.11:127794524-128101256,3603,924.0,0.0001578710071044
NC_000008.11:127794524-128101256,3603,541.0,0.0024441343266517
NC_000008.11:127794524-128101256,3603,255.0,0.0001828968524933
NC_000008.11:127794524-128101256,3603,357.0,0.0009256710764021
NC_000008.11:127794524-128101256,3603,276.0,0.0000462125899503
NC_000008.11:127794524-128101256,3603,555.0,0.0000040161903598
NC_000008.11:127794524-128101256,3603,538.0,0.0001449465344194
NC_000008.11:127794524-128101256,3603,929.0,0.0001549931621412
NC_000008.11:127794524-128101256,3603,528.0,0.0000000000090716
NC_000008.11:127794524-128101256,3603,524.0,0.0033023799769580
NC_000008.11:127794524-128101256,3603,917.0,0.0000077549539128
NC_000008.11:127794524-128101256,3603,526.0,0.0000535565595783
NC_000008.11:127794524-128101256,3603,371.0,0.0000296668877127
NC_000008.11:127794524-128101256,3603,542.0,0.0000325499968312
NC_000008.11:127794524-128101256,3603,355.0,0.0001085606781999
NC_000008.11:127794524-128101256,3603,550.0,0.0000078715411291
NC_000008.11:127794524-128101256,3603,918.0,0.0000067329710873
NC_000008.11:127794524-128101256,3603,545.0,0.0000307197078655
NC_000008.11:127794524-128101256,3603,936.0,0.0061560836620629
NC_000008.11:127794524-128101256,3603,516.0,0.0000416838629462
NC_000008.11:127794524-128101256,3603,376.0,0.0000184545388038
NC_000008.11:127794524-128101256,3603,535.0,0.0001699462736724
NC_000008.11:127794524-128101256,3603,512.0,0.0004979149671271
NC_000008.11:127794524-128101256,3603,554.0,0.0000120556869661
NC_000008.11:127794524-128101256,3603,549.0,0.0002274164580740
NC_000008.11:127794524-128101256,3603,536.0,0.0000049479526751
NC_000008.11:127794524-128101256,3603,293.0,0.0002891423937399
NC_000008.11:127794524-128101256,3603,515.0,0.0000331129922415
NC_000008.11:127794524-128101256,3603,820.0,0.0036318672355264
NC_000008.11:127794524-128101256,3603,863.0,0.0012149284593761
NC_000008.11:127794524-128101256,3603,810.0,0.0000698556468706
NC_000008.11:127794524-128101256,3603,866.0,0.0000217129218072
NC_000008.11:127794524-128101256,3603,816.0,0.0003852874797303
NC_000008.11:127794524-128101256,3603,815.0,0.0008497802773491
NC_000008.11:127794524-128101256,3603,302.0,0.0014023466501385
NC_000008.11:127794524-128101256,3603,870.0,0.0011703572236001
NC_000008.11:127794524-128101256,3603,800.0,0.0000058885002545
NC_000008.11:127794524-128101256,3603,814.0,0.0000006299822530
NC_000008.11:127794524-128101256,3603,813.0,0.0009946228237823
NC_000008.11:127794524-128101256,3603,867.0,0.0000891211966518
NC_000008.11:127794524-128101256,3603,872.0,0.0002348723210162
NC_000008.11:127794524-128101256,3603,294.0,0.0012021036818624
NC_000008.11:127794524-128101256,3603,875.0,0.0000640060243313
NC_000008.11:127794524-128101256,3603,809.0,0.0002044464781648
NC_000008.11:127794524-128101256,3603,817.0,0.0000013538071926
NC_000008.11:127794524-128101256,3603,876.0,0.0002766106044874
NC_000008.11:127794524-128101256,3603,314.0,0.0000151479453052
NC_000008.11:127794524-128101256,3603,807.0,0.0000688179134158
NC_000008.11:127794524-128101256,3603,881.0,0.0000606569010415
NC_000008.11:127794524-128101256,3603,811.0,0.0000227111522690
NC_000008.11:127794524-128101256,3603,893.0,0.0031563790980726
NC_000008.11:127794524-128101256,3603,808.0,0.0001208019384649
NC_000008.11:127794524-128101256,3603,803.0,0.0000489293088322
NC_000008.11:127794524-128101256,3603,317.0,0.0028208028525114
NC_000008.11:127794524-128101256,3603,818.0,0.0000677032076055
NC_000008.11:127794524-128101256,3603,819.0,0.0000502406510350
NC_000008.11:127794524-128101256,3603,852.0,0.0000264247883024
NC_000008.11:127794524-128101256,3603,861.0,0.0000148522567542
NC_000008.11:127794524-128101256,3603,846.0,0.0000032046248180
NC_000008.11:127794524-128101256,3603,854.0,0.0003303003613837
NC_000008.11:127794524-128101256,3603,296.0,0.0000452623899037
NC_000008.11:127794524-128101256,3603,856.0,0.0000003058243294
NC_000008.11:127794524-128101256,3603,845.0,0.0002849340962712
NC_000008.11:127794524-128101256,3603,843.0,0.0000193286123249
NC_000008.11:127794524-128101256,3603,862.0,0.0014537589158863
NC_000008.11:127794524-128101256,3603,857.0,0.0000004312275053
NC_000008.11:127794524-128101256,3603,318.0,0.0000008310610724
NC_000008.11:127794524-128101256,3603,859.0,0.0008230864768848
NC_000008.11:127794524-128101256,3603,851.0,0.0002324865636183
NC_000008.11:127794524-128101256,3603,842.0,0.0000670216468279
NC_000008.11:127794524-128101256,3603,297.0,0.0006721173413098
NC_000008.11:127794524-128101256,3603,853.0,0.0123166590929031
NC_000008.11:127794524-128101256,3603,841.0,0.0000233216687775
NC_000008.11:127794524-128101256,3603,306.0,0.0000482354407723
NC_000008.11:127794524-128101256,3603,858.0,0.0100264986976981
NC_000008.11:127794524-128101256,3603,844.0,0.0001427251118002
NC_000008.11:127794524-128101256,3603,301.0,0.0000388379958167
NC_000008.11:127794524-128101256,3603,865.0,0.0010543840471655
NC_000008.11:127794524-128101256,3603,847.0,0.0000414952774008
NC_000008.11:127794524-128101256,3603,295.0,0.0000168064907484
NC_000008.11:127794524-128101256,3603,864.0,0.0000197394729184
NC_000008.11:127794524-128101256,3603,812.0,0.0000363512299373
NC_000008.11:127794524-128101256,3603,304.0,0.0000139778794619
NC_000008.11:127794524-128101256,3603,879.0,0.0000384405611840
NC_000008.11:127794524-128101256,3603,354.0,0.0000005709273978
NC_000008.11:127794524-128101256,3603,789.0,0.0051303831860423
NC_000008.11:127794524-128101256,3603,779.0,0.0000717959483154
NC_000008.11:127794524-128101256,3603,291.0,0.0001260368298972
NC_000008.11:127794524-128101256,3603,784.0,0.0000043103896132
NC_000008.11:127794524-128101256,3603,352.0,0.0002462551638018
NC_000008.11:127794524-128101256,3603,873.0,0.0027139359153807
NC_000008.11:127794524-128101256,3603,850.0,0.0000047223070396
NC_000008.11:127794524-128101256,3603,783.0,0.0000246348845394
NC_000008.11:127794524-128101256,3603,778.0,0.0000159210649144
NC_000008.11:127794524-128101256,3603,868.0,0.0001301196462009
NC_000008.11:127794524-128101256,3603,802.0,0.0004953078459948
NC_000008.11:127794524-128101256,3603,882.0,0.0001826114312280
NC_000008.11:127794524-128101256,3603,356.0,0.0001162656189990
NC_000008.11:127794524-128101256,3603,788.0,0.0002937187673524
NC_000008.11:127794524-128101256,3603,889.0,0.0000001337313762
NC_000008.11:127794524-128101256,3603,782.0,0.0001637934474275
NC_000008.11:127794524-128101256,3603,289.0,0.0002085290616378
NC_000008.11:127794524-128101256,3603,883.0,0.0014697375008836
NC_000008.11:127794524-128101256,3603,780.0,0.0002583584282547
NC_000008.11:127794524-128101256,3603,546.0,0.0003950988466386
NC_000008.11:127794524-128101256,3603,361.0,0.0000179017442861
NC_000008.11:127794524-128101256,3603,531.0,0.0006818897672929
NC_000008.11:127794524-128101256,3603,887.0,0.0010812036925927
NC_000008.11:127794524-128101256,3603,781.0,0.0001493840391049
NC_000008.11:127794524-128101256,3603,792.0,0.0000087651997092
NC_000008.11:127794524-128101256,3603,888.0,0.0000000024301570
NC_000008.11:127794524-128101256,3603,387.0,0.0000710905515007
NC_000008.11:127794524-128101256,3603,794.0,0.0013488534605131
NC_000008.11:127794524-128101256,3603,311.0,0.0000009924561937
NC_000008.11:127794524-128101256,3603,869.0,0.0000325614528265
NC_000008.11:127794524-128101256,3603,315.0,0.0000044317835091
NC_000008.11:127794524-128101256,3603,796.0,0.0000696022325428
NC_000008.11:127794524-128101256,3603,806.0,0.0026558139361441
NC_000008.11:127794524-128101256,3603,305.0,0.0000006649738680
NC_000008.11:127794524-128101256,3603,298.0,0.0000017960354626
NC_000008.11:127794524-128101256,3603,798.0,0.0000153402033902
NC_000008.11:127794524-128101256,3603,886.0,0.0000465242410428
NC_000008.11:127794524-128101256,3603,799.0,0.0000713603949407
NC_000008.11:127794524-128101256,3603,874.0,0.0006202165968716
NC_000008.11:127794524-128101256,3603,804.0,0.0000986254162854
NC_000008.11:127794524-128101256,3603,878.0,0.0000537884225196
NC_000008.11:127794524-128101256,3603,777.0,0.0001225865271408
NC_000008.11:127794524-128101256,3603,308.0,0.0005613447283395
NC_000008.11:127794524-128101256,3603,785.0,0.0000290842726827
NC_000008.11:127794524-128101256,3603,287.0,0.0033054903615266
NC_000008.11:127794524-128101256,3603,880.0,0.0001146119393525
NC_000008.11:127794524-128101256,3603,786.0,0.0002244949137093
NC_000008.11:127794524-128101256,3603,787.0,0.0000088197029982
NC_000008.11:127794524-128101256,3603,353.0,0.0000645861073281
NC_000008.11:127794524-128101256,3603,891.0,0.0001912388397614
NC_000008.11:127794524-128101256,3603,790.0,0.0000011115988627
NC_000008.11:127794524-128101256,3603,292.0,0.0001142508626799
NC_000008.11:127794524-128101256,3603,514.0,0.0000338184618158
NC_000008.11:127794524-128101256,3603,937.0,0.0003702974354383
NC_000008.11:127794524-128101256,3603,397.0,0.0000187346595339
NC_000008.11:127794524-128101256,3603,502.0,0.0000131617680381
NC_000008.11:127794524-128101256,3603,383.0,0.0000005451381639
NC_000008.11:127794524-128101256,3603,978.0,0.0000599053491896
NC_000008.11:127794524-128101256,3603,241.0,0.0000559620384593
NC_000008.11:127794524-128101256,3603,969.0,0.0000267599389190
NC_000008.11:127794524-128101256,3603,439.0,0.0008946573943831
NC_000008.11:127794524-128101256,3603,992.0,0.0000514427993039
NC_000008.11:127794524-128101256,3603,455.0,0.0000089083096100
NC_000008.11:127794524-128101256,3603,245.0,0.0004115474293940
NC_000008.11:127794524-128101256,3603,980.0,0.0001387226220686
NC_000008.11:127794524-128101256,3603,449.0,0.0000684993792675
NC_000008.11:127794524-128101256,3603,977.0,0.0012574266875163
NC_000008.11:127794524-128101256,3603,447.0,0.0033187840599567
NC_000008.11:127794524-128101256,3603,462.0,0.0003213149029762
NC_000008.11:127794524-128101256,3603,454.0,0.0003342208801769
NC_000008.11:127794524-128101256,3603,400.0,0.0000992231944110
NC_000008.11:127794524-128101256,3603,991.0,0.0002694287977647
NC_000008.11:127794524-128101256,3603,458.0,0.0000000561162175
NC_000008.11:127794524-128101256,3603,443.0,0.0000087521784735
NC_000008.11:127794524-128101256,3603,453.0,0.0000903399850358
NC_000008.11:127794524-128101256,3603,1001.0,0.0000106421857708
NC_000008.11:127794524-128101256,3603,430.0,0.0000601371575613
NC_000008.11:127794524-128101256,3603,391.0,0.0000309685528919
NC_000008.11:127794524-128101256,3603,442.0,0.0025420936290175
NC_000008.11:127794524-128101256,3603,436.0,0.0026584523729980
NC_000008.11:127794524-128101256,3603,979.0,0.0000995652590063
NC_000008.11:127794524-128101256,3603,1003.0,0.0001504663669039
NC_000008.11:127794524-128101256,3603,989.0,0.0002507149474695
NC_000008.11:127794524-128101256,3603,399.0,0.0000542873494851
NC_000008.11:127794524-128101256,3603,249.0,0.0005649212398566
NC_000008.11:127794524-128101256,3603,468.0,0.0001503742823843
NC_000008.11:127794524-128101256,3603,962.0,0.0000000656394334
NC_000008.11:127794524-128101256,3603,470.0,0.0000469947626698
NC_000008.11:127794524-128101256,3603,981.0,0.0000343234387401
NC_000008.11:127794524-128101256,3603,460.0,0.0001778833102435
NC_000008.11:127794524-128101256,3603,445.0,0.0000167277539731
NC_000008.11:127794524-128101256,3603,394.0,0.0000377394171664
NC_000008.11:127794524-128101256,3603,259.0,0.0000977990275715
NC_000008.11:127794524-128101256,3603,457.0,0.0003583056095522
NC_000008.11:127794524-128101256,3603,982.0,0.0005717836320400
NC_000008.11:127794524-128101256,3603,446.0,0.0004573950427584
NC_000008.11:127794524-128101256,3603,448.0,0.0062655992805958
NC_000008.11:127794524-128101256,3603,450.0,0.0026430489961058
NC_000008.11:127794524-128101256,3603,389.0,0.0002610812662169
NC_000008.11:127794524-128101256,3603,983.0,0.0008306597592309
NC_000008.11:127794524-128101256,3603,459.0,0.0002581368316896
NC_000008.11:127794524-128101256,3603,260.0,0.0026015071198344
NC_000008.11:127794524-128101256,3603,970.0,0.0000409495623899
NC_000008.11:127794524-128101256,3603,456.0,0.0000001932977369
NC_000008.11:127794524-128101256,3603,368.0,0.0000000000115496
NC_000008.11:127794524-128101256,3603,988.0,0.0002261189511046
NC_000008.11:127794524-128101256,3603,461.0,0.0005203560576774
NC_000008.11:127794524-128101256,3603,441.0,0.0000721124015399
NC_000008.11:127794524-128101256,3603,452.0,0.0001471881987527
NC_000008.11:127794524-128101256,3603,472.0,0.0000008377509175
NC_000008.11:127794524-128101256,3603,424.0,0.0000346533852280
NC_000008.11:127794524-128101256,3603,440.0,0.0000134662313940
NC_000008.11:127794524-128101256,3603,428.0,0.0000824716771604
NC_000008.11:127794524-128101256,3603,1000.0,0.0002269511605846
NC_000008.11:127794524-128101256,3603,411.0,0.0000199020687432
NC_000008.11:127794524-128101256,3603,1002.0,0.0003569876716938
NC_000008.11:127794524-128101256,3603,417.0,0.0000126663826450
NC_000008.11:127794524-128101256,3603,405.0,0.0000869715076988
NC_000008.11:127794524-128101256,3603,425.0,0.0000052394921113
NC_000008.11:127794524-128101256,3603,412.0,0.0000436596528743
NC_000008.11:127794524-128101256,3603,984.0,0.0000061988571360
NC_000008.11:127794524-128101256,3603,419.0,0.0000006002149462
NC_000008.11:127794524-128101256,3603,392.0,0.0000223499537242
NC_000008.11:127794524-128101256,3603,998.0,0.0000809650155134
NC_000008.11:127794524-128101256,3603,1010.0,0.0000009901211797
NC_000008.11:127794524-128101256,3603,1007.0,0.0000090895800895
NC_000008.11:127794524-128101256,3603,420.0,0.0000388432963518
NC_000008.11:127794524-128101256,3603,247.0,0.0000036210055896
NC_000008.11:127794524-128101256,3603,416.0,0.0000022941069346
NC_000008.11:127794524-128101256,3603,1004.0,0.0000031613030842
NC_000008.11:127794524-128101256,3603,408.0,0.0003378294641152
NC_000008.11:127794524-128101256,3603,407.0,0.0000862785382196
NC_000008.11:127794524-128101256,3603,410.0,0.0000066143411459
NC_000008.11:127794524-128101256,3603,395.0,0.0000173519529199
NC_000008.11:127794524-128101256,3603,413.0,0.0000001148263138
NC_000008.11:127794524-128101256,3603,415.0,0.0000275213042187
NC_000008.11:127794524-128101256,3603,409.0,0.0000114306158139
NC_000008.11:127794524-128101256,3603,390.0,0.0000260318738583
NC_000008.11:127794524-128101256,3603,418.0,0.0000087700327640
NC_000008.11:127794524-128101256,3603,433.0,0.0013276960235089
NC_000008.11:127794524-128101256,3603,239.0,0.0000150470605149
NC_000008.11:127794524-128101256,3603,401.0,0.0000170671937667
NC_000008.11:127794524-128101256,3603,1005.0,0.0000308742201014
NC_000008.11:127794524-128101256,3603,438.0,0.0000933588162297
NC_000008.11:127794524-128101256,3603,996.0,0.0000855874168337
NC_000008.11:127794524-128101256,3603,243.0,0.0002378283970756
NC_000008.11:127794524-128101256,3603,995.0,0.0000975129441940
NC_000008.11:127794524-128101256,3603,999.0,0.0002023726265179
NC_000008.11:127794524-128101256,3603,435.0,0.0002937806420960
NC_000008.11:127794524-128101256,3603,434.0,0.0000801488204161
NC_000008.11:127794524-128101256,3603,393.0,0.0000713446788723
NC_000008.11:127794524-128101256,3603,385.0,0.0011184711474925
NC_000008.11:127794524-128101256,3603,427.0,0.0000002874784570
NC_000008.11:127794524-128101256,3603,990.0,0.0000008958471085
NC_000008.11:127794524-128101256,3603,406.0,0.0000146014845086
NC_000008.11:127794524-128101256,3603,426.0,0.0004489797865972
NC_000008.11:127794524-128101256,3603,423.0,0.0003204421373084
NC_000008.11:127794524-128101256,3603,403.0,0.0001359743473586
NC_000008.11:127794524-128101256,3603,429.0,0.0000012293942291
NC_000008.11:127794524-128101256,3603,993.0,0.0001930371217895
NC_000008.11:127794524-128101256,3603,421.0,0.0000029902857932
NC_000008.11:127794524-128101256,3603,1009.0,0.0001688158954494
NC_000008.11:127794524-128101256,3603,432.0,0.0002186400670325
NC_000008.11:127794524-128101256,3603,246.0,0.0001801957841963
NC_000008.11:127794524-128101256,3603,240.0,0.0000539183456567
NC_000008.11:127794524-128101256,3603,388.0,0.0001802952901926
NC_000008.11:127794524-128101256,3603,463.0,0.0006183738005348
NC_000008.11:127794524-128101256,3603,487.0,0.0005267774686217
NC_000008.11:127794524-128101256,3603,508.0,0.0000211931728700
NC_000008.11:127794524-128101256,3603,490.0,0.0000519688146596
NC_000008.11:127794524-128101256,3603,1008.0,0.0000658474964439
NC_000008.11:127794524-128101256,3603,501.0,0.0018797464435920
NC_000008.11:127794524-128101256,3603,384.0,0.0000550205513719
NC_000008.11:127794524-128101256,3603,960.0,0.0000067195906013
NC_000008.11:127794524-128101256,3603,492.0,0.0002288941468578
NC_000008.11:127794524-128101256,3603,467.0,0.0086453752592206
NC_000008.11:127794524-128101256,3603,498.0,0.0003711122262757
NC_000008.11:127794524-128101256,3603,958.0,0.0003515550342854
NC_000008.11:127794524-128101256,3603,957.0,0.0000263738347712
NC_000008.11:127794524-128101256,3603,486.0,0.0000347303321178
NC_000008.11:127794524-128101256,3603,496.0,0.0000027440673875
NC_000008.11:127794524-128101256,3603,358.0,0.0005512170610018
NC_000008.11:127794524-128101256,3603,483.0,0.0000016603235053
NC_000008.11:127794524-128101256,3603,488.0,0.0000467803183710
NC_000008.11:127794524-128101256,3603,372.0,0.0003617453621700
NC_000008.11:127794524-128101256,3603,955.0,0.0000888377981028
NC_000008.11:127794524-128101256,3603,491.0,0.0000435703950643
NC_000008.11:127794524-128101256,3603,484.0,0.0012636032188311
NC_000008.11:127794524-128101256,3603,485.0,0.0000232429811149
NC_000008.11:127794524-128101256,3603,952.0,0.0002505921293050
NC_000008.11:127794524-128101256,3603,242.0,0.0017037991201505
NC_000008.11:127794524-128101256,3603,509.0,0.0001482930820202
NC_000008.11:127794524-128101256,3603,262.0,0.0000084452885858
NC_000008.11:127794524-128101256,3603,956.0,0.0021975091658533
NC_000008.11:127794524-128101256,3603,257.0,0.0002510390477255
NC_000008.11:127794524-128101256,3603,507.0,0.0024359945673496
NC_000008.11:127794524-128101256,3603,500.0,0.0001409483957104
NC_000008.11:127794524-128101256,3603,944.0,0.0000012180925069
NC_000008.11:127794524-128101256,3603,504.0,0.0000301250929624
NC_000008.11:127794524-128101256,3603,949.0,0.0001462867076043
NC_000008.11:127794524-128101256,3603,510.0,0.0000006133948318
NC_000008.11:127794524-128101256,3603,254.0,0.0000858363782754
NC_000008.11:127794524-128101256,3603,503.0,0.0000163771746884
NC_000008.11:127794524-128101256,3603,364.0,0.0000174389460881
NC_000008.11:127794524-128101256,3603,947.0,0.0000098940872704
NC_000008.11:127794524-128101256,3603,939.0,0.0003018720017280
NC_000008.11:127794524-128101256,3603,506.0,0.0000159947521752
NC_000008.11:127794524-128101256,3603,261.0,0.0007995569612831
NC_000008.11:127794524-128101256,3603,946.0,0.0002405366831226
NC_000008.11:127794524-128101256,3603,495.0,0.0002831057354342
NC_000008.11:127794524-128101256,3603,494.0,0.0001169380848296
NC_000008.11:127794524-128101256,3603,365.0,0.0000899043589015
NC_000008.11:127794524-128101256,3603,938.0,0.0000078117000157
NC_000008.11:127794524-128101256,3603,505.0,0.0000033308463117
NC_000008.11:127794524-128101256,3603,951.0,0.0000273377027042
NC_000008.11:127794524-128101256,3603,489.0,0.0001051786312019
NC_000008.11:127794524-128101256,3603,366.0,0.0000024020168894
NC_000008.11:127794524-128101256,3603,948.0,0.0002532065846026
NC_000008.11:127794524-128101256,3603,480.0,0.0004333225951996
NC_000008.11:127794524-128101256,3603,511.0,0.0001366383803543
NC_000008.11:127794524-128101256,3603,950.0,0.0001059094065567
NC_000008.11:127794524-128101256,3603,476.0,0.0001400359615218
NC_000008.11:127794524-128101256,3603,367.0,0.0000328464775521
NC_000008.11:127794524-128101256,3603,493.0,0.0001661323913140
NC_000008.11:127794524-128101256,3603,474.0,0.0000008517651509
NC_000008.11:127794524-128101256,3603,380.0,0.0002271663688589
NC_000008.11:127794524-128101256,3603,386.0,0.0040404293686152
NC_000008.11:127794524-128101256,3603,466.0,0.0002056910161627
NC_000008.11:127794524-128101256,3603,499.0,0.0002005873684539
NC_000008.11:127794524-128101256,3603,471.0,0.0000000000000725
NC_000008.11:127794524-128101256,3603,482.0,0.0000924203413888
NC_000008.11:127794524-128101256,3603,478.0,0.0000100576799014
NC_000008.11:127794524-128101256,3603,475.0,0.0000263955244009
NC_000008.11:127794524-128101256,3603,945.0,0.0001526875130367
NC_000008.11:127794524-128101256,3603,477.0,0.0000125570195451
NC_000008.11:127794524-128101256,3603,258.0,0.0001044257151079
NC_000008.11:127794524-128101256,3603,954.0,0.0010027770185843
NC_000008.11:127794524-128101256,3603,479.0,0.0000023307582069
NC_000008.11:127794524-128101256,3603,373.0,0.0000202704941330
NC_000008.11:127794524-128101256,3603,244.0,0.0000315069592034
NC_000008.11:127794524-128101256,3603,473.0,0.0001787882938515
NC_000008.11:127794524-128101256,3603,968.0,0.0002733808069024
NC_000008.11:127794524-128101256,3603,469.0,0.0000412879235228
NC_000008.11:127794524-128101256,3603,379.0,0.0000367899883713
NC_000008.11:127794524-128101256,3701,938.0,0.0053349672816694
NC_000008.11:127794524-128101256,3701,295.0,0.0117692444473505
NC_000008.11:127794524-128101256,3701,274.0,0.0619992837309837
NC_000008.11:127794524-128101256,3701,892.0,0.0028032932896167
NC_000008.11:127794524-128101256,3701,865.0,0.0105355111882091
NC_000008.11:127794524-128101256,3701,1000.0,0.0003198807826266
NC_000008.11:127794524-128101256,3701,302.0,0.0217339675873518
NC_000008.11:127794524-128101256,3701,867.0,0.0000000244743905
NC_000008.11:127794524-128101256,3701,923.0,0.0140205174684525
NC_000008.11:127794524-128101256,3701,889.0,0.1303079128265381
NC_000008.11:127794524-128101256,3701,863.0,0.0011104668956250
NC_000008.11:127794524-128101256,3701,936.0,0.0009634827147238
NC_000008.11:127794524-128101256,3701,289.0,0.0001980876550078
NC_000008.11:127794524-128101256,3701,246.0,0.0015921216690913
NC_000008.11:127794524-128101256,3701,946.0,0.0268992707133293
NC_000008.11:127794524-128101256,3701,986.0,0.0277771390974522
NC_000008.11:127794524-128101256,3701,261.0,0.0147801851853728
NC_000008.11:127794524-128101256,3701,968.0,0.0022126112598926
NC_000008.11:127794524-128101256,3701,850.0,0.0000327126836055
NC_000008.11:127794524-128101256,3701,296.0,0.0000480130911455
NC_000008.11:127794524-128101256,3701,887.0,0.0027936312835664
NC_000008.11:127794524-128101256,3701,257.0,0.0051767821423709
NC_000008.11:127794524-128101256,3701,1004.0,0.0018052643863484
NC_000008.11:127794524-128101256,3701,944.0,0.0028619053773582
NC_000008.11:127794524-128101256,3701,856.0,0.0027441699057817
NC_000008.11:127794524-128101256,3701,926.0,0.0011339734774083
NC_000008.11:127794524-128101256,3701,916.0,0.0013101570075378
NC_000008.11:127794524-128101256,3701,941.0,0.0029179952107370
NC_000008.11:127794524-128101256,3701,853.0,0.0213117785751820
NC_000008.11:127794524-128101256,3701,1007.0,0.0026378540787846
NC_000008.11:127794524-128101256,3701,249.0,0.0013643859419972
NC_000008.11:127794524-128101256,3701,919.0,0.0002282360219397
NC_000008.11:127794524-128101256,3701,864.0,0.0251535903662443
NC_000008.11:127794524-128101256,3701,247.0,0.0142065370455384
NC_000008.11:127794524-128101256,3701,1011.0,0.0246999748051167
NC_000008.11:127794524-128101256,3701,954.0,0.0148105239495635
NC_000008.11:127794524-128101256,3701,984.0,0.0199174620211124
NC_000008.11:127794524-128101256,3701,883.0,0.0018600587500259
NC_000008.11:127794524-128101256,3701,997.0,0.0108853308483958
NC_000008.11:127794524-128101256,3701,981.0,0.1055963188409805
NC_000008.11:127794524-128101256,3701,1002.0,0.0000005073833336
NC_000008.11:127794524-128101256,3701,949.0,0.0019123527454212
NC_000008.11:127794524-128101256,3701,993.0,0.0091701680794358
NC_000008.11:127794524-128101256,3701,990.0,0.0042501189745963
NC_000008.11:127794524-128101256,3701,945.0,0.0009978855960071
NC_000008.11:127794524-128101256,3701,897.0,0.0005137858097441
NC_000008.11:127794524-128101256,3701,239.0,0.0000000096825366
NC_000008.11:127794524-128101256,3701,291.0,0.0193701591342688
NC_000008.11:127794524-128101256,3701,940.0,0.0007249935879372
NC_000008.11:127794524-128101256,3701,961.0,0.0221701338887215
NC_000008.11:127794524-128101256,3701,888.0,0.0008986108005047
NC_000008.11:127794524-128101256,3701,894.0,0.0001398026070092
NC_000008.11:127794524-128101256,3701,991.0,0.0000000014510576
NC_000008.11:127794524-128101256,3701,290.0,0.0821176990866661
NC_000008.11:127794524-128101256,3701,948.0,0.0001114528931794
NC_000008.11:127794524-128101256,3701,989.0,0.0568520985543728
NC_000008.11:127794524-128101256,3701,886.0,0.0001081139780581
NC_000008.11:127794524-128101256,3701,918.0,0.0060256579890847
NC_000008.11:127794524-128101256,3701,977.0,0.0295652057975531
NC_000008.11:127794524-128101256,3701,955.0,0.0012618256732821
NC_000008.11:127794524-128101256,3701,241.0,0.0058113140985370
NC_000008.11:127794524-128101256,3701,980.0,0.0177605487406254
NC_000008.11:127794524-128101256,3701,891.0,0.0001163024353446
NC_000008.11:127794524-128101256,3701,952.0,0.0141602130606771
NC_000008.11:127794524-128101256,3701,878.0,0.0002699636388570
NC_000008.11:127794524-128101256,3701,985.0,0.0003979087632615
NC_000008.11:127794524-128101256,3701,245.0,0.0083637200295925
NC_000008.11:127794524-128101256,3701,917.0,0.0003617617476266
NC_000008.11:127794524-128101256,3701,988.0,0.0803422629833221
NC_000008.11:127794524-128101256,3701,866.0,0.0003929349186365
NC_000008.11:127794524-128101256,3701,893.0,0.0131570640951395
NC_000008.11:127794524-128101256,3701,960.0,0.0148296291008592
NC_000008.11:127794524-128101256,3701,951.0,0.0147973382845521
NC_000008.11:127794524-128101256,3701,882.0,0.0080044139176607
NC_000008.11:127794524-128101256,3701,870.0,0.0003898422000930
NC_000008.11:127794524-128101256,3701,969.0,0.0188612677156925
NC_000008.11:127794524-128101256,3701,255.0,0.0023563213180751
NC_000008.11:127794524-128101256,3701,262.0,0.0032564944121987
NC_000008.11:127794524-128101256,3701,868.0,0.0170667339116335
NC_000008.11:127794524-128101256,3701,877.0,0.0008879035012797
NC_000008.11:127794524-128101256,3701,294.0,0.0093022882938385
NC_000008.11:127794524-128101256,3701,244.0,0.0134875932708383
NC_000008.11:127794524-128101256,3701,872.0,0.0016473792493343
NC_000008.11:127794524-128101256,3701,927.0,0.2517683506011963
NC_000008.11:127794524-128101256,3701,999.0,0.0832505524158478
NC_000008.11:127794524-128101256,3701,875.0,0.0933031588792801
NC_000008.11:127794524-128101256,3701,957.0,0.0055884355679154
NC_000008.11:127794524-128101256,3701,890.0,0.0128974029794335
NC_000008.11:127794524-128101256,3701,937.0,0.0031150290742517
NC_000008.11:127794524-128101256,3701,996.0,0.0253932587802410
NC_000008.11:127794524-128101256,3701,876.0,0.0073691345751286
NC_000008.11:127794524-128101256,3701,970.0,0.0022992677986622
NC_000008.11:127794524-128101256,3701,1005.0,0.0035040243528783
NC_000008.11:127794524-128101256,3701,881.0,0.0000000379729599
NC_000008.11:127794524-128101256,3701,276.0,0.0015165125951171
NC_000008.11:127794524-128101256,3701,242.0,0.0028893598355353
NC_000008.11:127794524-128101256,3701,288.0,0.0120985787361860
NC_000008.11:127794524-128101256,3701,791.0,0.0488490015268326
NC_000008.11:127794524-128101256,3701,299.0,0.0070740901865065
NC_000008.11:127794524-128101256,3701,375.0,0.0319436788558960
NC_000008.11:127794524-128101256,3701,502.0,0.0113387703895569
NC_000008.11:127794524-128101256,3701,374.0,0.0148153826594353
NC_000008.11:127794524-128101256,3701,504.0,0.0178278274834156
NC_000008.11:127794524-128101256,3701,510.0,0.0748125910758972
NC_000008.11:127794524-128101256,3701,503.0,0.0016088853590190
NC_000008.11:127794524-128101256,3701,506.0,0.0135837150737643
NC_000008.11:127794524-128101256,3701,364.0,0.1664888411760330
NC_000008.11:127794524-128101256,3701,495.0,0.0028185651171952
NC_000008.11:127794524-128101256,3701,505.0,0.1555944532155991
NC_000008.11:127794524-128101256,3701,489.0,0.0934168845415115
NC_000008.11:127794524-128101256,3701,481.0,0.0004382610786706
NC_000008.11:127794524-128101256,3701,508.0,0.0010219748364761
NC_000008.11:127794524-128101256,3701,490.0,0.0551289282739162
NC_000008.11:127794524-128101256,3701,501.0,0.0073183565400541
NC_000008.11:127794524-128101256,3701,487.0,0.0967017337679863
NC_000008.11:127794524-128101256,3701,384.0,0.0004747207567561
NC_000008.11:127794524-128101256,3701,496.0,0.0024262976367027
NC_000008.11:127794524-128101256,3701,372.0,0.0298822559416294
NC_000008.11:127794524-128101256,3701,480.0,0.0465643666684628
NC_000008.11:127794524-128101256,3701,379.0,0.0251538772135973
NC_000008.11:127794524-128101256,3701,499.0,0.0389406159520149
NC_000008.11:127794524-128101256,3701,493.0,0.0037898474838585
NC_000008.11:127794524-128101256,3701,852.0,0.0166753418743610
NC_000008.11:127794524-128101256,3701,386.0,0.0596381872892380
NC_000008.11:127794524-128101256,3701,521.0,0.0028887940570712
NC_000008.11:127794524-128101256,3701,381.0,0.0006750201573595
NC_000008.11:127794524-128101256,3701,363.0,0.1524195969104767
NC_000008.11:127794524-128101256,3701,513.0,0.0007179097156040
NC_000008.11:127794524-128101256,3701,360.0,0.0086560482159257
NC_000008.11:127794524-128101256,3701,555.0,0.0313841402530670
NC_000008.11:127794524-128101256,3701,549.0,0.0089347325265408
NC_000008.11:127794524-128101256,3701,516.0,0.0000537091800652
NC_000008.11:127794524-128101256,3701,535.0,0.0000091213805717
NC_000008.11:127794524-128101256,3701,512.0,0.0046985642984509
NC_000008.11:127794524-128101256,3701,518.0,0.0016977351624519
NC_000008.11:127794524-128101256,3701,357.0,0.0000036358885609
NC_000008.11:127794524-128101256,3701,553.0,0.0251424685120583
NC_000008.11:127794524-128101256,3701,529.0,0.0019886682275683
NC_000008.11:127794524-128101256,3701,378.0,0.0022220935206860
NC_000008.11:127794524-128101256,3701,524.0,0.0026056910865009
NC_000008.11:127794524-128101256,3701,530.0,0.0104977507144213
NC_000008.11:127794524-128101256,3701,539.0,0.0669081807136536
NC_000008.11:127794524-128101256,3701,541.0,0.1666688621044159
NC_000008.11:127794524-128101256,3701,370.0,0.0892565250396729
NC_000008.11:127794524-128101256,3701,554.0,0.0002416176721454
NC_000008.11:127794524-128101256,3701,545.0,0.0000554382058908
NC_000008.11:127794524-128101256,3701,371.0,0.0003278579970356
NC_000008.11:127794524-128101256,3701,538.0,0.0016212364425883
NC_000008.11:127794524-128101256,3701,551.0,0.0007221378618851
NC_000008.11:127794524-128101256,3701,523.0,0.0000029791676752
NC_000008.11:127794524-128101256,3701,380.0,0.0024397759698331
NC_000008.11:127794524-128101256,3701,469.0,0.0171519089490175
NC_000008.11:127794524-128101256,3701,475.0,0.0000898251746548
NC_000008.11:127794524-128101256,3701,444.0,0.0020876245107502
NC_000008.11:127794524-128101256,3701,438.0,0.0000069780230660
NC_000008.11:127794524-128101256,3701,401.0,0.0014165692264214
NC_000008.11:127794524-128101256,3701,437.0,0.0093695875257254
NC_000008.11:127794524-128101256,3701,435.0,0.0000027496917028
NC_000008.11:127794524-128101256,3701,393.0,0.0164481531828642
NC_000008.11:127794524-128101256,3701,406.0,0.0017604746390134
NC_000008.11:127794524-128101256,3701,423.0,0.0018420332344249
NC_000008.11:127794524-128101256,3701,421.0,0.0358152836561203
NC_000008.11:127794524-128101256,3701,432.0,0.0011125575983897
NC_000008.11:127794524-128101256,3701,433.0,0.0244743470102549
NC_000008.11:127794524-128101256,3701,385.0,0.0034185801632702
NC_000008.11:127794524-128101256,3701,411.0,0.0010250502964482
NC_000008.11:127794524-128101256,3701,417.0,0.0639338344335556
NC_000008.11:127794524-128101256,3701,412.0,0.1269159018993378
NC_000008.11:127794524-128101256,3701,402.0,0.0028634187765419
NC_000008.11:127794524-128101256,3701,419.0,0.0007127865101211
NC_000008.11:127794524-128101256,3701,392.0,0.0025491572450846
NC_000008.11:127794524-128101256,3701,420.0,0.0028301212005317
NC_000008.11:127794524-128101256,3701,416.0,0.0151898553594947
NC_000008.11:127794524-128101256,3701,408.0,0.0001172339398181
NC_000008.11:127794524-128101256,3701,410.0,0.0000121754319480
NC_000008.11:127794524-128101256,3701,404.0,0.0317463465034962
NC_000008.11:127794524-128101256,3701,424.0,0.0001848333777161
NC_000008.11:127794524-128101256,3701,391.0,0.0013032386777923
NC_000008.11:127794524-128101256,3701,430.0,0.0000477001121908
NC_000008.11:127794524-128101256,3701,400.0,0.1279182732105255
NC_000008.11:127794524-128101256,3701,474.0,0.0000386758911191
NC_000008.11:127794524-128101256,3701,367.0,0.0102354586124420
NC_000008.11:127794524-128101256,3701,466.0,0.0029979723040015
NC_000008.11:127794524-128101256,3701,467.0,0.0003445989859756
NC_000008.11:127794524-128101256,3701,472.0,0.0033137248829007
NC_000008.11:127794524-128101256,3701,388.0,0.0058721066452563
NC_000008.11:127794524-128101256,3701,470.0,0.0000016699212892
NC_000008.11:127794524-128101256,3701,382.0,0.0033212041016668
NC_000008.11:127794524-128101256,3701,457.0,0.0132060712203383
NC_000008.11:127794524-128101256,3701,448.0,0.0352517850697041
NC_000008.11:127794524-128101256,3701,459.0,0.0003156339516863
NC_000008.11:127794524-128101256,3701,543.0,0.0000000002270756
NC_000008.11:127794524-128101256,3701,389.0,0.0173139721155167
NC_000008.11:127794524-128101256,3701,461.0,0.0006829713820480
NC_000008.11:127794524-128101256,3701,441.0,0.0333245806396008
NC_000008.11:127794524-128101256,3701,446.0,0.0166149158030748
NC_000008.11:127794524-128101256,3701,447.0,0.0362417846918106
NC_000008.11:127794524-128101256,3701,439.0,0.1292838901281357
NC_000008.11:127794524-128101256,3701,383.0,0.0439292639493942
NC_000008.11:127794524-128101256,3701,455.0,0.0034171752631664
NC_000008.11:127794524-128101256,3701,449.0,0.0204801894724369
NC_000008.11:127794524-128101256,3701,462.0,0.0000000000129115
NC_000008.11:127794524-128101256,3701,454.0,0.0046109464019537
NC_000008.11:127794524-128101256,3701,458.0,0.0014182490995154
NC_000008.11:127794524-128101256,3701,456.0,0.1233652904629707
NC_000008.11:127794524-128101256,3701,532.0,0.0031290536280721
NC_000008.11:127794524-128101256,3701,497.0,0.0001193417992909
NC_000008.11:127794524-128101256,3701,317.0,0.0403750985860825
NC_000008.11:127794524-128101256,3701,816.0,0.0002090229536407
NC_000008.11:127794524-128101256,3701,810.0,0.0015218722401187
NC_000008.11:127794524-128101256,3701,313.0,0.0011459307279438
NC_000008.11:127794524-128101256,3701,786.0,0.0123084755614400
NC_000008.11:127794524-128101256,3701,790.0,0.0107606193050742
NC_000008.11:127794524-128101256,3701,820.0,0.0565564185380936
NC_000008.11:127794524-128101256,3701,353.0,0.0288886930793524
NC_000008.11:127794524-128101256,3701,792.0,0.0117685273289680
NC_000008.11:127794524-128101256,3701,802.0,0.0277673974633217
NC_000008.11:127794524-128101256,3701,808.0,0.0038942287210375
NC_000008.11:127794524-128101256,3701,301.0,0.0229180026799440
NC_000008.11:127794524-128101256,3701,789.0,0.0022552299778908
NC_000008.11:127794524-128101256,3701,354.0,0.0021609941031784
NC_000008.11:127794524-128101256,3701,784.0,0.0008646663045511
NC_000008.11:127794524-128101256,3701,805.0,0.0131192272529006
NC_000008.11:127794524-128101256,3701,815.0,0.0008341017528437
NC_000008.11:127794524-128101256,3701,307.0,0.0009753788472153
NC_000008.11:127794524-128101256,3701,800.0,0.0000000832696401
NC_000008.11:127794524-128101256,3701,785.0,0.0002639845188241
NC_000008.11:127794524-128101256,3701,812.0,0.0037724948488176
NC_000008.11:127794524-128101256,3701,794.0,0.0008467532461509
NC_000008.11:127794524-128101256,3701,801.0,0.0001907585974550
NC_000008.11:127794524-128101256,3701,807.0,0.0004289068165235
NC_000008.11:127794524-128101256,3701,806.0,0.0306932367384434
NC_000008.11:127794524-128101256,3701,817.0,0.0035921600647271
NC_000008.11:127794524-128101256,3701,798.0,0.0072121573612094
NC_000008.11:127794524-128101256,3701,847.0,0.0849601849913597
NC_000008.11:127794524-128101256,3701,305.0,0.0024209644179791
NC_000008.11:127794524-128101256,3701,809.0,0.0466060377657413
NC_000008.11:127794524-128101256,3701,803.0,0.0062670418992639
NC_000008.11:127794524-128101256,3701,309.0,0.0681185275316238
NC_000008.11:127794524-128101256,3701,813.0,0.2025110274553299
NC_000008.11:127794524-128101256,3701,804.0,0.0003153346769977
NC_000008.11:127794524-128101256,3701,777.0,0.0044429958797991
NC_000008.11:127794524-128101256,3701,814.0,0.0000078826442405
NC_000008.11:127794524-128101256,3701,799.0,0.0001193225616589
NC_000008.11:127794524-128101256,3701,783.0,0.0115256560966372
NC_000008.11:127794524-128101256,3701,811.0,0.0016103013185784
NC_000008.11:127794524-128101256,3701,780.0,0.0002086511813104
NC_000008.11:127794524-128101256,3701,546.0,0.0014892868930474
NC_000008.11:127794524-128101256,3701,361.0,0.0013252868084237
NC_000008.11:127794524-128101256,3701,514.0,0.0025143022648990
NC_000008.11:127794524-128101256,3701,857.0,0.0251768752932549
NC_000008.11:127794524-128101256,3701,855.0,0.0021062383893877
NC_000008.11:127794524-128101256,3701,318.0,0.0279714427888393
NC_000008.11:127794524-128101256,3701,782.0,0.0156715102493763
NC_000008.11:127794524-128101256,3701,356.0,0.0052608395926654
NC_000008.11:127794524-128101256,3701,788.0,0.0042278501205146
NC_000008.11:127794524-128101256,3701,845.0,0.0006675950135104
NC_000008.11:127794524-128101256,3701,531.0,0.0000246908621193
NC_000008.11:127794524-128101256,3701,854.0,0.0000023264722131
NC_000008.11:127794524-128101256,3701,781.0,0.0006448162603192
NC_000008.11:127794524-128101256,3701,300.0,0.0056543159298599
NC_000008.11:127794524-128101256,3701,841.0,0.0044889622367918
NC_000008.11:127794524-128101256,3701,844.0,0.0000371147871192
NC_000008.11:127794524-128101256,3701,793.0,0.0022658717352897
NC_000008.11:127794524-128101256,3701,359.0,0.0050132921896875
NC_000008.11:127794524-128101256,3701,352.0,0.0050393808633089
NC_000008.11:127794524-128101256,3701,778.0,0.0115411104634404
NC_000008.11:127794524-128101256,3701,842.0,0.0073529230430722
NC_000008.11:127794524-128101256,3701,556.0,0.0174770541489124
NC_000008.11:127794524-128101256,3701,547.0,0.0101880682632327
NC_000008.11:127794524-128101256,3701,861.0,0.0013277850812301
NC_000008.11:127794524-128101256,3771,978.0,0.0000728083614376
NC_000008.11:127794524-128101256,3771,811.0,0.0000000000000000
NC_000008.11:127794524-128101256,3771,392.0,0.0005983099690638
NC_000008.11:127794524-128101256,3771,850.0,0.0000295196005027
NC_000008.11:127794524-128101256,3771,445.0,0.0000000000000005
NC_000008.11:127794524-128101256,3771,988.0,0.0000000000000885
NC_000008.11:127794524-128101256,3771,982.0,0.0000000000000000
NC_000008.11:127794524-128101256,3771,309.0,0.0000000085948590
NC_000008.11:127794524-128101256,3771,402.0,0.0014586637262255
NC_000008.11:127794524-128101256,3771,983.0,0.0001336304849247
NC_000008.11:127794524-128101256,3771,1010.0,0.0022648358717561
NC_000008.11:127794524-128101256,3771,377.0,0.0000000000000001
NC_000008.11:127794524-128101256,3771,795.0,0.0061624529771507
NC_000008.11:127794524-128101256,3771,300.0,0.0000000004407340
NC_000008.11:127794524-128101256,3771,439.0,0.0000167591315403
NC_000008.11:127794524-128101256,3771,403.0,0.0005886250874028
NC_000008.11:127794524-128101256,3771,856.0,0.0000000002677575
NC_000008.11:127794524-128101256,3771,847.0,0.0000037615418478
NC_000008.11:127794524-128101256,3771,990.0,0.0000000000000114
NC_000008.11:127794524-128101256,3771,393.0,0.0000002284515119
NC_000008.11:127794524-128101256,3771,997.0,0.0000851638251333
NC_000008.11:127794524-128101256,3771,865.0,0.0007347870850936
NC_000008.11:127794524-128101256,3771,435.0,0.0000358708421118
NC_000008.11:127794524-128101256,3771,385.0,0.0015091232489794
NC_000008.11:127794524-128101256,3771,411.0,0.0001401408226229
NC_000008.11:127794524-128101256,3771,301.0,0.0011439076624811
NC_000008.11:127794524-128101256,3771,1005.0,0.0000000000694687
NC_000008.11:127794524-128101256,3771,438.0,0.0258187279105186
NC_000008.11:127794524-128101256,3771,818.0,0.0008535733795725
NC_000008.11:127794524-128101256,3771,1003.0,0.0231293775141239
NC_000008.11:127794524-128101256,3771,820.0,0.0000000000000000
NC_000008.11:127794524-128101256,3771,1000.0,0.0011313128052279
NC_000008.11:127794524-128101256,3771,239.0,0.0015833328943700
NC_000008.11:127794524-128101256,3771,862.0,0.0001008256585919
NC_000008.11:127794524-128101256,3771,454.0,0.0000014487983435
NC_000008.11:127794524-128101256,3771,451.0,0.1033065468072891
NC_000008.11:127794524-128101256,3771,246.0,0.0000000000000000
NC_000008.11:127794524-128101256,3771,449.0,0.0000000000000000
NC_000008.11:127794524-128101256,3771,800.0,0.0002911559422500
NC_000008.11:127794524-128101256,3771,992.0,0.0000114135364129
NC_000008.11:127794524-128101256,3771,984.0,0.0000002855589116
NC_000008.11:127794524-128101256,3771,437.0,0.0001719815045362
NC_000008.11:127794524-128101256,3771,1008.0,0.0000019919391434
NC_000008.11:127794524-128101256,3771,506.0,0.0000000000000000
NC_000008.11:127794524-128101256,3771,553.0,0.0000879480357980
NC_000008.11:127794524-128101256,3771,255.0,0.0798416733741760
NC_000008.11:127794524-128101256,3771,956.0,0.0014397914055735
NC_000008.11:127794524-128101256,3771,539.0,0.0000023102504656
NC_000008.11:127794524-128101256,3771,352.0,0.0000000167360508
NC_000008.11:127794524-128101256,3771,308.0,0.0000846884431667
NC_000008.11:127794524-128101256,3771,370.0,0.0011104753939435
NC_000008.11:127794524-128101256,3771,786.0,0.0000001207662308
NC_000008.11:127794524-128101256,3771,489.0,0.0000000047944289
NC_000008.11:127794524-128101256,3771,262.0,0.0000000000233502
NC_000008.11:127794524-128101256,3771,365.0,0.0000000000210934
NC_000008.11:127794524-128101256,3771,505.0,0.0000000000039911
NC_000008.11:127794524-128101256,3771,495.0,0.0000000000452500
NC_000008.11:127794524-128101256,3771,891.0,0.0000000000000000
NC_000008.11:127794524-128101256,3771,551.0,0.2860577404499054
NC_000008.11:127794524-128101256,3771,881.0,0.0000000000000017
NC_000008.11:127794524-128101256,3771,890.0,0.0000000000560374
NC_000008.11:127794524-128101256,3771,791.0,0.0013048725668341
NC_000008.11:127794524-128101256,3771,523.0,0.0001646780874580
NC_000008.11:127794524-128101256,3771,504.0,0.0000352159950125
NC_000008.11:127794524-128101256,3771,783.0,0.0004405917425174
NC_000008.11:127794524-128101256,3771,381.0,0.0000588807852182
NC_000008.11:127794524-128101256,3771,257.0,0.0002792319573928
NC_000008.11:127794524-128101256,3771,878.0,0.0000000498616153
NC_000008.11:127794524-128101256,3771,492.0,0.0000000001748587
NC_000008.11:127794524-128101256,3771,356.0,0.0001264784368686
NC_000008.11:127794524-128101256,3771,375.0,0.0000022157307740
NC_000008.11:127794524-128101256,3771,886.0,0.0000000000000055
NC_000008.11:127794524-128101256,3771,363.0,0.0000000002718849
NC_000008.11:127794524-128101256,3771,950.0,0.1252492517232895
NC_000008.11:127794524-128101256,3771,796.0,0.0012564102653414
NC_000008.11:127794524-128101256,3771,520.0,0.0000000000000000
NC_000008.11:127794524-128101256,3771,487.0,0.0000910248490982
NC_000008.11:127794524-128101256,3771,548.0,0.0126189952716231
NC_000008.11:127794524-128101256,3771,372.0,0.0000000618892386
NC_000008.11:127794524-128101256,3771,892.0,0.0000000000523562
NC_000008.11:127794524-128101256,3771,894.0,0.0086201559752226
NC_000008.11:127794524-128101256,3771,484.0,0.0191118698567152
NC_000008.11:127794524-128101256,3771,491.0,0.0004093040188309
NC_000008.11:127794524-128101256,3771,887.0,0.0000000000078991
NC_000008.11:127794524-128101256,3771,526.0,0.0014687420334667
NC_000008.11:127794524-128101256,3771,516.0,0.2788656651973724
NC_000008.11:127794524-128101256,3771,883.0,0.0018372368067503
NC_000008.11:127794524-128101256,3771,518.0,0.0000000103879252
NC_000008.11:127794524-128101256,3771,916.0,0.0077216499485075
NC_000008.11:127794524-128101256,3771,477.0,0.0038029875140637
NC_000008.11:127794524-128101256,3771,533.0,0.0000000000000046
NC_000008.11:127794524-128101256,3771,305.0,0.0039313142187893
NC_000008.11:127794524-128101256,3771,476.0,0.0000191774670384
NC_000008.11:127794524-128101256,3790,553.0,0.0000326126355503
NC_000008.11:127794524-128101256,3790,997.0,0.0000251110286626
NC_000008.11:127794524-128101256,3790,432.0,0.0002360201324336
NC_000008.11:127794524-128101256,3790,887.0,0.0000207092725759
NC_000008.11:127794524-128101256,3790,841.0,0.0003552167327143
NC_000008.11:127794524-128101256,3790,1000.0,0.0015572024276480
NC_000008.11:127794524-128101256,3790,381.0,0.0000004736432970
NC_000008.11:127794524-128101256,3790,403.0,0.0015315857017413
NC_000008.11:127794524-128101256,3790,402.0,0.0022907285019755
NC_000008.11:127794524-128101256,3790,470.0,0.0000017182519514
NC_000008.11:127794524-128101256,3790,435.0,0.0000008909718758
NC_000008.11:127794524-128101256,3790,314.0,0.0000824127127999
NC_000008.11:127794524-128101256,3790,552.0,0.0002116380201187
NC_000008.11:127794524-128101256,3790,380.0,0.0000101343775896
NC_000008.11:127794524-128101256,3790,258.0,0.0044489987194538
NC_000008.11:127794524-128101256,3790,463.0,0.0000174632114067
NC_000008.11:127794524-128101256,3790,809.0,0.0000059016892919
NC_000008.11:127794524-128101256,3790,480.0,0.0000019505316686
NC_000008.11:127794524-128101256,3790,287.0,0.0006847561453469
NC_000008.11:127794524-128101256,3790,878.0,0.0000043935019676
NC_000008.11:127794524-128101256,3790,509.0,0.0002968964981847
NC_000008.11:127794524-128101256,3790,783.0,0.0000496323955304
NC_000008.11:127794524-128101256,3790,985.0,0.0023980890400708
NC_000008.11:127794524-128101256,3790,366.0,0.0000243739305006
NC_000008.11:127794524-128101256,3790,462.0,0.0000000000000011
NC_000008.11:127794524-128101256,3790,449.0,0.0000003073010646
NC_000008.11:127794524-128101256,3790,239.0,0.0001407671952620
NC_000008.11:127794524-128101256,3790,888.0,0.0006203466327861
NC_000008.11:127794524-128101256,3790,374.0,0.0007870665285736
NC_000008.11:127794524-128101256,3790,859.0,0.0001609598257346
NC_000008.11:127794524-128101256,3790,506.0,0.0003855797694996
NC_000008.11:127794524-128101256,3790,1003.0,0.0018505096668378
NC_000008.11:127794524-128101256,3790,951.0,0.0000197771005332
NC_000008.11:127794524-128101256,3790,532.0,0.0000129312747958
NC_000008.11:127794524-128101256,3790,820.0,0.0000204133866646
NC_000008.11:127794524-128101256,3790,939.0,0.0000000009044723
